Num1,Num2,Num3,Num4,Num5,Num6,bnsNum,총1등당첨금,1등당첨인원,1등수령액
10,23,29,33,37,40,16,863604600,0,0
9,13,21,25,32,42,2,0,1,2002006800
11,16,19,21,27,31,30,0,1,2000000000
14,27,30,31,40,42,2,1267147200,0,0
16,24,29,40,41,42,3,3041094900,0,0
14,15,26,27,40,42,34,0,1,6574451700
2,9,16,25,26,40,42,2600913000,0,0
8,19,25,34,37,39,9,7336896000,0,0
2,4,16,17,36,39,14,25803852000,0,0
9,25,30,33,41,44,6,0,13,6430437900
1,7,36,37,41,42,14,0,5,4780152300
2,11,21,25,39,45,44,0,12,1348845700
22,23,25,37,38,42,26,15599134800,0,0
2,6,12,31,33,40,15,0,4,9375048300
3,4,16,30,31,37,13,0,1,17014245000
6,7,24,37,38,40,33,0,4,4377146100
3,4,9,17,32,37,1,0,3,5349491200
3,12,13,19,32,35,29,15751560000,0,0
6,30,38,39,40,43,26,0,1,40722959400
10,14,18,20,23,30,41,0,1,19352212800
6,12,17,18,31,32,21,0,23,797475400
4,5,6,8,17,39,25,0,4,4552194900
5,13,17,18,33,42,44,0,4,4317947700
7,8,27,29,36,43,6,19010560200,0,0
2,4,21,26,43,44,16,0,2,24227745300
4,5,7,18,20,25,31,0,5,3495069900
1,20,26,28,37,43,27,0,2,9543982500
9,18,23,25,35,37,1,0,10,1700361100
1,5,13,34,39,40,11,0,5,3552594000
8,17,20,35,36,44,4,0,2,8728555500
7,9,18,23,28,35,32,0,2,8106672900
6,14,19,25,34,44,11,0,10,1634528300
4,7,32,33,40,41,9,0,1,14903517600
9,26,35,37,40,42,2,0,5,3056918000
2,3,11,26,37,43,39,0,3,5054598200
1,10,23,26,28,40,31,0,1,16014475800
7,27,30,33,35,37,42,0,3,4985999400
16,17,22,30,37,43,36,0,3,5374866400
6,7,13,15,21,43,8,0,6,2623748800
7,13,18,19,25,26,6,0,13,1147652400
13,20,23,35,38,43,34,13784904600,0,0
17,18,19,21,23,32,1,0,6,6899280100
6,31,35,38,39,44,1,0,1,17749630800
3,11,21,30,38,45,39,0,5,3362155800
1,10,20,27,33,35,17,0,2,8356417800
8,13,15,23,31,38,39,0,3,5327758800
14,17,26,31,36,45,27,0,5,3250042400
6,10,18,26,37,38,3,0,6,2415673600
4,7,16,19,33,40,30,0,7,1967504600
2,10,12,15,22,44,1,0,3,5227061400
2,3,11,16,26,44,35,0,6,2421117000
2,4,15,16,20,29,1,0,4,3900844900
7,8,14,32,33,39,42,0,3,5014371000
1,8,21,27,36,39,37,0,3,5148626600
17,21,31,37,40,44,7,0,2,7088799600
10,14,30,31,33,37,19,0,4,3777570900
7,10,16,25,29,44,6,0,4,4114411900
10,24,25,33,40,44,1,0,4,3676429200
6,29,36,39,41,45,13,0,4,4127587300
2,8,25,36,39,42,11,0,7,2172504600
14,15,19,30,38,43,8,0,5,3541038800
3,8,15,27,29,35,21,0,1,15817286400
3,20,23,36,38,40,5,0,2,7922245500
14,15,18,21,26,36,39,0,4,3899818000
4,25,33,36,40,43,39,0,4,3727945800
2,3,7,17,22,24,45,0,4,3685138200
3,7,10,15,36,38,33,0,7,2114436500
10,12,15,16,26,39,38,0,5,2945882100
5,8,14,15,19,39,35,0,3,4962712200
5,19,22,25,28,43,26,0,3,5031277800
5,9,12,16,29,41,21,14909209800,0,0
2,4,11,17,26,27,1,0,13,3260524600
3,12,18,32,40,43,38,0,6,2766662100
6,15,17,18,35,40,23,0,3,5284949800
2,5,24,32,34,44,28,0,4,3914616900
1,3,15,22,25,37,43,0,2,7451022600
2,18,29,32,43,44,37,0,3,5155758600
10,13,25,29,33,35,38,0,4,3519850000
3,12,24,27,30,32,14,0,4,3416443800
17,18,24,25,26,30,1,0,1,13809540000
5,7,11,13,20,33,6,0,5,2714288880
1,2,3,14,27,42,39,0,1,14562494400
6,10,15,17,19,34,14,0,2,7086948300
16,23,27,34,42,45,11,0,2,7669779000
6,8,13,23,31,36,21,0,4,3462109800
2,12,37,39,41,45,33,0,1,14252186400
4,12,16,23,34,43,26,0,11,1799358055
1,17,20,24,30,41,27,0,4,3069709650
4,26,28,29,33,40,37,0,3,4248321900
17,20,29,35,38,44,10,0,4,3291435300
1,21,24,26,29,42,27,0,4,3582902400
3,14,24,33,35,36,17,0,11,1233270846
6,22,24,36,38,44,19,0,6,2269178150
5,32,34,40,41,45,6,0,6,2245339950
8,17,27,31,34,43,14,0,8,1747741238
1,3,8,21,22,31,20,0,7,1847133515
6,7,14,15,20,36,3,0,9,1496214000
6,9,16,23,24,32,43,0,4,3177972300
1,3,10,27,29,37,11,0,6,2169219050
1,7,11,23,37,42,6,0,4,3315315525
1,3,17,32,35,45,8,0,5,2707297500
17,22,24,26,35,40,42,0,9,1457153067
5,14,15,27,30,45,10,0,8,1691589563
17,32,33,34,42,44,35,0,2,6610743750
8,10,20,34,41,45,28,0,4,3416781450
4,10,12,22,24,33,29,0,16,810461157
1,4,5,6,9,31,17,0,2,6679927800
7,18,22,23,29,44,12,0,7,1998900772
1,5,34,36,42,44,33,0,12,1246838200
7,20,22,23,29,43,1,0,3,4566262000
7,18,31,33,36,40,27,0,6,2199047450
26,29,30,33,41,42,43,0,9,1567271167
4,9,28,33,36,45,26,0,9,1561528934
11,14,19,26,28,41,2,0,6,2362345050
1,2,6,9,25,28,31,0,9,1488589567
2,4,25,31,34,37,17,0,7,1997747315
5,10,22,34,36,44,35,0,9,1558378334
3,4,10,17,19,22,38,0,10,1297989720
3,11,13,14,17,21,38,0,9,1474899400
4,6,10,11,32,37,30,0,3,4364530300
12,28,30,34,38,43,9,0,2,6839648100
1,11,16,17,36,40,8,0,9,1450073800
7,17,18,28,30,45,27,0,5,2532982680
4,16,23,25,29,42,1,0,9,1395936267
2,8,32,33,35,36,18,0,7,1754870786
7,20,22,27,40,43,1,0,9,1369301500
3,5,10,29,32,43,35,0,6,1965939150
12,30,34,36,37,45,39,0,6,2064043100
19,23,25,28,38,42,17,0,11,1093629655
7,19,24,27,42,45,31,0,4,3036496650
8,10,11,14,15,21,37,0,8,1451214488
3,17,23,34,41,45,43,0,4,2920473525
4,7,15,18,23,26,13,0,8,1450242600
3,12,20,23,31,35,43,0,5,2349155100
6,14,22,28,35,39,16,0,7,1717293515
2,16,30,36,41,42,11,0,6,1997694150
7,9,20,25,36,39,15,0,9,1270403467
10,11,27,28,37,39,19,0,5,2227152000
9,11,15,20,28,43,13,0,7,1650210215
3,13,17,18,19,28,8,0,5,2109462840
8,12,29,31,42,43,2,0,6,1900552400
12,16,30,34,40,44,19,0,11,1018265564
26,27,28,42,43,45,8,0,3,3954584700
4,15,17,26,36,37,43,0,8,1402440413
2,3,13,20,27,44,9,0,3,3797838200
2,19,27,35,41,42,25,0,2,6043415250
4,6,13,21,40,42,36,0,7,1700040215
21,25,33,34,35,36,17,0,5,2323596420
2,11,21,34,41,42,27,0,7,1639052143
2,18,25,28,37,39,16,0,4,2831645850
1,2,10,13,18,19,15,0,4,2716634025
1,5,13,26,29,34,43,0,5,2278131840
3,8,11,12,13,36,33,0,4,2730526125
6,19,21,35,40,45,20,0,4,2836628700
16,19,20,32,33,41,4,0,9,1193005734
5,18,28,30,42,45,2,0,8,1401099900
19,26,30,33,35,39,37,0,2,5484903750
4,9,13,18,21,34,7,0,10,1069544340
1,18,30,41,42,43,32,0,6,1755407300
3,7,8,34,39,41,1,0,2,5490805350
22,34,36,40,42,45,44,0,7,1996876272
1,5,21,25,38,41,24,0,5,2308265760
7,11,26,28,29,44,16,0,7,1629726515
6,9,10,11,39,41,27,0,3,4054937900
5,13,18,19,22,42,31,0,2,6767426700
9,12,27,36,39,45,14,0,11,1111299982
24,27,28,30,36,39,4,0,5,2491222920
3,10,31,40,42,43,30,0,5,2349946920
16,27,35,37,43,45,19,0,5,2482888380
2,11,13,15,31,42,10,0,6,1923108250
4,16,25,29,34,35,1,0,6,1961339700
4,19,21,24,26,41,35,0,11,1081154073
3,9,24,30,33,34,18,0,8,1487736788
13,14,18,22,35,39,16,0,7,1771103058
19,26,28,31,33,36,17,0,5,2371132620
4,17,30,32,33,34,15,0,5,2314663080
1,10,13,16,37,43,6,0,7,1693285500
1,5,11,12,18,23,9,0,5,2254621080
5,9,17,25,39,43,32,0,10,1081093920
2,15,20,21,29,34,22,0,2,5763371550
14,21,23,32,40,45,44,0,6,1941763300
13,15,27,29,34,40,35,0,3,3721439400
2,18,24,34,40,42,5,0,6,1777221500
1,2,6,16,20,33,41,0,6,1747753050
1,2,4,8,19,38,14,0,3,3522485800
4,10,14,19,21,45,9,0,9,1187882600
1,2,8,18,29,38,42,0,7,1544733900
19,24,27,30,31,34,36,0,3,3501405200
8,14,32,35,37,45,28,0,3,3461775100
8,14,18,30,31,44,15,0,6,1784159450
5,6,24,25,32,37,8,0,4,2577114675
4,8,11,18,37,45,33,0,4,2445348375
6,14,18,26,36,39,13,0,3,3404449700
15,20,23,26,39,44,28,0,4,2650567875
7,10,19,22,35,40,31,0,11,918992591
35,36,37,41,44,45,30,0,15,727876520
7,12,16,34,42,45,4,0,6,1803018300
12,19,20,25,41,45,2,0,6,1797855050
14,21,22,25,30,36,43,0,2,5344252200
5,6,13,14,17,20,7,0,8,1344616613
3,11,24,38,39,44,26,0,1,9719465400
12,14,27,33,39,44,17,0,6,1893391700
1,3,11,24,30,32,7,0,5,2164564740
3,12,14,35,40,45,5,0,8,1358347125
1,3,21,29,35,37,30,0,6,1835221800
1,2,3,15,20,25,43,0,5,2032859340
3,11,14,31,32,37,38,0,5,2104673760
14,25,31,34,40,44,24,0,6,1760767400
2,7,18,20,24,33,37,0,6,1660896350
10,19,22,23,25,37,39,0,2,5139085950
12,13,17,20,33,41,8,0,10,1035800250
11,12,18,21,31,38,8,0,4,2660747250
2,3,4,5,20,24,42,0,8,1376678025
5,7,20,25,28,37,32,0,8,1406980875
2,3,7,15,43,44,4,0,7,1587689615
7,16,17,33,36,40,1,0,13,848506108
16,20,27,33,35,39,38,0,7,1611246172
1,8,14,18,29,44,20,0,4,2779075800
4,11,20,26,35,37,16,0,9,1208409167
5,11,19,21,34,43,31,0,6,1958094950
2,20,33,35,37,40,10,0,6,1800104250
5,7,28,29,39,43,44,0,5,2275193820
1,3,18,20,26,27,38,0,7,1498170600
4,19,26,27,30,42,7,0,6,1808969950
5,11,13,19,31,36,7,0,6,1777201800
2,6,8,14,21,22,34,0,6,1744100150
4,5,15,16,22,42,2,0,2,5253542400
17,25,35,36,39,44,23,0,9,1146700334
4,5,9,11,23,38,35,0,7,1451441100
5,11,14,29,32,33,12,0,8,1292929163
5,10,19,31,44,45,27,0,9,1088365900
8,9,10,12,24,44,35,0,9,1110918400
4,6,13,17,28,40,39,0,10,999153750
13,21,22,24,26,37,4,0,4,2519743875
21,22,26,27,31,37,8,0,3,3433330100
1,4,8,13,37,39,7,0,2,5030040150
1,11,17,21,24,44,33,0,7,1440630729
2,4,15,28,31,34,35,0,9,1121660567
11,15,24,39,41,44,7,0,9,1134140167
6,10,16,40,41,43,21,0,2,5098251450
2,16,24,27,28,35,21,0,4,2552016300
4,19,20,21,32,34,43,0,8,1234542375
2,12,17,19,28,42,34,0,4,2408850000
13,16,25,36,37,38,19,0,1,9121583100
9,11,27,31,32,38,22,0,7,1382583129
13,18,21,23,26,39,15,0,5,1911774240
12,15,28,36,39,40,13,0,6,1669313900
3,8,17,23,38,45,13,0,8,1227479363
3,8,27,31,41,44,11,0,6,1663568700
19,23,30,37,43,45,38,0,5,1994726280
6,7,19,25,28,38,45,0,8,1282616400
14,23,26,31,39,45,28,0,7,1391089715
8,19,25,31,34,36,33,0,4,2466189525
1,5,19,20,24,30,27,0,1,9741015900
1,5,6,24,27,42,32,0,6,1598618550
4,11,14,21,23,43,32,0,2,4891017000
6,13,27,31,32,37,4,0,4,2391377025
14,27,30,31,38,40,17,0,4,2426434350
4,5,14,35,42,45,34,0,2,4838533500
7,12,15,24,37,40,43,0,4,2310085575
6,11,16,18,31,43,2,0,3,3192299100
9,12,24,25,29,31,36,0,2,4518741600
1,27,28,32,37,40,18,0,6,1551704900
9,16,27,36,41,44,5,0,7,1344889200
5,9,34,37,38,39,12,0,8,1200838575
3,4,9,11,22,42,37,0,3,3207211700
7,8,24,34,36,41,1,0,3,3257663300
3,10,19,24,32,45,12,0,7,1350954515
5,18,20,36,42,43,32,0,5,1961399940
5,9,12,20,21,26,27,0,5,1927830060
3,8,9,27,29,40,36,0,6,1565918150
7,9,12,27,39,43,28,0,9,1104622800
1,8,24,31,34,44,6,0,3,3339543100
13,14,15,26,35,39,25,0,4,2505085575
14,19,20,35,38,40,26,0,1,10044066900
4,15,21,33,39,41,25,0,3,3312569000
10,12,13,15,25,29,20,0,3,3272627800
3,11,37,39,41,43,13,0,3,3186530000
7,16,31,36,37,38,11,0,5,1914205320
10,11,23,24,36,37,35,0,7,1355258529
1,3,4,6,14,41,12,0,6,1554683200
2,5,10,18,31,32,30,0,7,1322052643
6,8,18,31,38,45,42,0,3,3137224600
2,7,15,24,30,45,28,0,3,3117640300
13,33,37,40,41,45,2,0,3,3164370100
1,15,19,40,42,44,17,0,3,3236566300
6,12,24,27,35,37,41,0,7,1328657100
1,12,17,28,35,41,10,0,4,2357261550
3,14,33,37,38,42,10,9181683900,0,0
8,13,18,32,39,45,7,0,13,2149214424
3,7,8,18,20,42,45,0,7,1450585200
17,18,31,32,33,34,10,0,14,720373950
1,9,17,21,29,33,24,0,6,1656764400
6,10,17,30,37,38,40,9626019900,4,2406504975
1,4,12,16,18,38,8,9823300500,0,0
3,8,15,27,30,45,44,24528706200,8,3066088275
6,11,19,20,28,32,34,10113337500,2,5056668750
5,9,27,29,37,40,19,9909778500,1,9909778500
1,3,20,25,36,45,24,10386407700,7,1483772529
7,9,10,12,26,38,39,10033109100,12,836092425
7,11,13,33,37,43,26,10131695100,7,1447385015
13,19,20,32,38,42,4,10944334500,2,5472167250
2,14,17,30,38,45,43,10036494000,6,1672749000
4,10,16,26,33,41,38,9969876900,6,1661646150
7,8,18,21,23,39,9,10041050700,5,2008210140
4,18,23,30,34,41,19,10513347600,5,2102669520
5,15,21,23,25,45,12,10350573000,4,2587643250
14,15,17,19,37,45,40,10232872800,1,10232872800
1,2,5,11,18,36,22,9917852400,11,901622946
1,5,19,28,34,41,16,10373706600,8,1296713325
4,12,24,27,28,32,10,9901528500,8,1237691063
2,3,5,6,12,20,25,9435267300,15,629017820
9,17,34,35,43,45,2,10292536800,6,1715422800
15,17,19,34,38,41,2,9963073200,6,1660512200
1,13,33,35,43,45,23,10469829000,8,1308728625
10,11,21,27,31,39,43,10041518400,6,1673586400
3,10,11,22,36,39,8,10305034200,4,2576258550
2,17,19,20,34,45,21,10866929400,9,1207436600
5,8,22,28,33,42,37,10678296900,5,2135659380
16,19,23,25,41,45,3,11026135800,2,5513067900
12,18,20,21,25,34,42,11754816600,6,1959136100
9,18,29,32,38,43,20,11427268200,6,1904544700
10,14,15,32,36,42,3,11688203100,8,1461025388
2,4,21,25,33,36,17,11190782100,6,1865130350
7,17,20,32,44,45,33,10836734700,6,1806122450
16,23,25,33,36,39,40,10992807300,6,1832134550
6,12,13,17,32,44,24,10592097000,12,882674750
1,6,9,16,17,28,24,10918775400,6,1819795900
9,17,19,30,35,42,4,10982347200,6,1830391200
3,4,16,17,19,20,23,10460521800,9,1162280200
4,9,14,26,31,44,39,10829513100,5,2165902620
16,17,34,36,42,45,3,10875587100,8,1359448388
5,14,27,30,39,43,35,10856910000,7,1550987143
13,15,21,29,39,43,33,10661020800,7,1523002972
5,9,16,23,26,45,21,10187462400,5,2037492480
3,5,20,34,35,44,16,10113795900,6,1685632650
1,5,14,18,32,37,4,10060004100,8,1257500513
2,13,34,38,42,45,16,10150293000,3,3383431000
6,8,14,21,30,37,45,9871005000,9,1096778334
18,24,26,29,34,38,32,10075752300,7,1439393186
1,8,19,34,39,43,41,10480454400,7,1497207772
1,13,14,33,34,43,25,10362287400,3,3454095800
1,10,17,29,31,43,15,10302918000,6,1717153000
1,2,15,28,34,45,38,10269745800,7,1467106543
15,20,23,29,39,42,2,10407155100,2,5203577550
5,13,14,22,44,45,33,10088636700,5,2017727340
3,8,13,27,32,42,10,10196370000,7,1456624286
3,14,17,20,24,31,34,9899982000,3,3299994000
5,13,14,20,24,25,36,10059627000,3,3353209000
1,8,18,24,29,33,35,9909472200,9,1101052467
5,25,27,29,34,36,33,10333428600,4,2583357150
5,16,17,20,26,41,24,10397149500,6,1732858250
11,16,19,22,29,36,26,10581676500,2,5290838250
14,19,36,43,44,45,1,10622321700,5,2124464340
5,8,29,30,35,44,38,10727124000,5,2145424800
2,8,14,25,29,45,24,10414667400,9,1157185267
10,14,18,21,36,37,5,10626788700,2,5313394350
1,9,10,12,21,40,37,10417964700,3,3472654900
1,10,19,20,24,40,23,10293700800,8,1286712600
4,16,23,25,35,40,27,10700148600,3,3566716200
5,10,16,24,27,35,33,10311805800,7,1473115115
2,3,22,27,30,40,29,10376547900,6,1729424650
11,12,14,21,32,38,6,10463642400,4,2615910600
2,5,7,14,16,40,4,10127659200,4,2531914800
5,15,21,25,26,30,31,10697716800,1,10697716800
5,12,19,26,27,44,38,10703107800,2,5351553900
3,22,25,29,32,44,19,11072156100,7,1581736586
11,21,24,30,39,45,26,10260775800,7,1465825115
17,20,35,36,41,43,21,11053066500,6,1842177750
16,18,24,42,44,45,17,11752593600,7,1678941943
7,9,15,26,27,42,18,10668913800,7,1524130543
8,11,14,16,18,21,13,10733338800,9,1192593200
15,26,37,42,43,45,9,11167204500,4,2791801125
11,13,15,17,25,34,26,11057435700,2,5528717850
4,8,19,25,27,45,7,11068988400,7,1581284058
1,11,13,24,28,40,7,11741494800,6,1956915800
6,22,29,37,43,45,23,11736256200,3,3912085400
5,22,29,31,34,39,43,11588491200,5,2317698240
6,10,22,31,35,40,19,11192998500,7,1598999786
1,2,8,17,26,37,27,10737099300,4,2684274825
1,5,10,12,16,20,11,10749039900,19,565738895
10,15,22,24,27,42,19,11080049400,6,1846674900
4,15,28,33,37,40,25,10789566300,3,3596522100
11,22,24,32,36,38,7,10976202600,3,3658734200
7,12,19,21,29,32,9,10794228900,7,1542032700
4,7,10,19,31,40,26,10429533300,10,1042953330
1,26,31,34,40,43,20,10702134000,4,2675533500
1,8,9,17,29,32,45,10182175500,4,2545543875
7,16,18,20,23,26,3,10595135100,5,2119027020
16,17,28,37,39,40,15,10373997900,1,10373997900
10,11,18,22,28,39,30,10508749800,1,10508749800
1,3,7,8,24,42,43,10281172200,6,1713528700
9,16,28,40,41,43,21,10896031800,8,1362003975
1,13,20,22,25,28,15,10654349100,1,10654349100
11,15,20,26,31,35,7,10742445000,7,1534635000
18,20,31,34,40,45,30,10593244800,2,5296622400
12,13,17,22,25,33,8,10498559100,3,3499519700
10,15,20,23,42,44,7,10722502200,4,2680625550
1,2,9,17,19,42,20,10214839800,8,1276854975
9,21,27,34,41,43,2,10679337300,4,2669834325
6,12,18,31,38,43,9,10513933125,9,1168214792
5,9,15,19,22,36,32,10648824750,4,2662206188
10,14,22,24,28,37,26,10611984375,5,2122396875
5,20,21,24,33,40,36,10699978125,3,3566659375
1,2,10,25,26,44,4,10631634000,3,3543878000
7,12,21,24,27,36,45,10780712250,5,2156142450
6,7,13,16,24,25,1,11547951000,7,1649707286
9,20,21,22,30,37,16,11176879125,5,2235375825
6,9,21,31,32,40,38,11587959000,4,2896989750
1,3,18,32,40,41,16,11244021375,9,1249335709
11,14,22,35,37,39,5,11438730750,12,953227563
4,7,39,41,42,45,40,11593398750,7,1656199822
2,9,15,23,34,40,3,11258694000,4,2814673500
2,14,15,22,23,44,43,11703832500,1,11703832500
7,17,20,26,30,40,24,10673459250,8,1334182407
5,6,8,11,22,26,44,10720371000,10,1072037100
4,5,14,20,22,43,44,11273319750,4,2818329938
11,13,15,26,28,34,31,11485198125,8,1435649766
2,11,13,14,28,30,7,11389472250,3,3796490750
4,9,10,29,31,34,27,11398851000,8,1424856375
6,11,26,27,28,44,30,11605721625,5,2321144325
8,15,19,21,34,44,12,13231508250,6,2205251375
1,17,27,28,29,40,5,11688461625,3,3896153875
10,11,26,31,34,44,30,11094808125,10,1109480813
8,10,14,27,33,38,3,12278664000,8,1534833000
4,17,18,27,39,43,19,12228934500,4,3057233625
6,7,15,24,28,30,21,12571445625,1,12571445625
12,16,19,22,37,40,8,12939148875,9,1437683209
3,23,28,34,39,42,16,13373142375,9,1485904709
1,3,16,18,30,34,44,12894105750,8,1611763219
18,22,25,31,38,45,6,12684340125,10,1268434013
2,3,5,11,27,39,33,11497137750,5,2299427550
19,23,29,33,35,43,27,13005238500,11,1182294410
3,13,20,24,33,37,35,11840482125,8,1480060266
8,16,26,30,38,45,42,12875500125,10,1287550013
9,14,20,22,33,34,28,12098132625,8,1512266579
11,16,29,38,41,44,21,12577472625,6,2096245438
6,12,20,26,29,38,45,12394279500,9,1377142167
17,20,30,31,37,40,25,11400464250,6,1900077375
10,22,28,34,36,44,2,11975238000,6,1995873000
1,23,28,30,34,35,9,12681668250,4,3170417063
25,27,29,36,38,40,41,12720717375,9,1413413042
4,6,10,19,20,44,14,11948378250,9,1327597584
11,13,23,35,43,45,17,12462565875,3,4154188625
13,20,21,30,39,45,32,12541781250,7,1791683036
1,11,12,14,26,35,6,12153742875,3,4051247625
2,7,8,9,17,33,34,10631764500,4,2657941125
3,7,13,27,40,41,36,12078638250,3,4026212750
3,10,20,26,35,43,36,12179145750,3,4059715250
6,14,19,21,23,31,13,11942349750,6,1990391625
12,15,20,24,30,38,29,11467806375,13,882138952
8,10,18,30,32,34,27,11492118000,9,1276902000
12,24,33,38,40,42,30,11313661875,5,2262732375
13,25,27,34,38,41,10,11263879125,7,1609125590
4,19,20,26,30,35,24,11449980375,7,1635711483
1,7,12,18,23,27,44,11189535375,7,1598505054
8,10,18,23,27,40,33,11599028250,10,1159902825
4,9,10,32,36,40,18,12870501000,8,1608812625
4,6,10,14,25,40,12,11590895625,7,1655842233
8,11,28,30,43,45,41,12723583125,4,3180895782
11,18,26,31,37,40,43,11692049250,6,1948674875
3,20,24,32,37,45,4,11868474375,8,1483559297
23,29,31,33,34,44,40,12140599125,0,0
6,12,15,34,42,44,4,43624374375,13,3355721106
1,8,11,13,22,38,31,13465640250,7,1923662893
4,10,13,23,32,44,20,13772821125,9,1530313459
2,12,14,17,24,40,39,12918969750,9,1435441084
8,13,15,28,37,43,17,13744774500,9,1527197167
4,21,22,34,37,38,33,13320525000,4,3330131250
10,16,20,39,41,42,27,12999991875,3,4333330625
6,13,29,37,39,41,43,13575330000,7,1939332858
16,25,26,31,36,43,44,12667592625,7,1809656090
8,13,20,22,23,36,34,13001672250,4,3250418063
4,13,18,31,33,45,43,14050362000,15,936690800
1,9,14,16,21,29,3,13551384375,8,1693923047
9,12,13,15,37,38,27,13759405875,4,3439851469
14,25,29,32,33,45,37,15352094625,8,1919011829
18,29,30,37,39,43,8,13821146626,14,987224759
8,23,25,27,35,44,24,13398279000,6,2233046500
3,5,10,17,30,31,16,11986969125,4,2996742282
3,4,23,29,40,41,20,13918067250,3,4639355750
1,10,16,24,25,35,43,13285448250,7,1897921179
12,15,19,22,28,34,5,12835983375,5,2567196675
1,3,27,28,32,45,11,13831818375,6,2305303063
17,22,26,27,36,39,20,13513274250,9,1501474917
1,2,23,25,38,40,43,13112243625,13,1008634125
4,8,25,27,37,41,21,13110646125,8,1638830766
2,8,17,30,31,38,25,13303935750,10,1330393575
2,4,8,15,20,27,11,12638163750,6,2106360625
2,7,26,29,40,43,42,13021639125,7,1860234161
8,17,35,36,39,42,4,13218537750,4,3304634438
22,27,31,35,37,40,42,12465069000,5,2493013800
20,22,26,33,36,37,25,13060083000,9,1451120334
5,7,8,15,30,43,22,12655060875,12,1054588407
4,13,22,27,34,44,6,12669870000,6,2111645000
4,13,20,29,36,41,39,13143729000,4,3285932250
19,20,23,24,43,44,13,13336906875,6,2222817813
13,14,24,32,39,41,3,12978012375,4,3244503094
5,20,23,27,35,40,43,12211440750,3,4070480250
3,4,12,20,24,34,41,12159651375,9,1351072375
1,4,10,17,31,42,2,12100800375,4,3025200094
6,22,28,32,34,40,26,13208748750,6,2201458125
1,5,27,30,34,36,40,12975444375,7,1853634911
6,14,22,26,43,44,31,12989132625,9,1443236959
7,20,22,25,38,40,44,11507731125,6,1917955188
6,9,11,22,24,30,31,12220001625,3,4073333875
12,13,32,33,40,41,4,12747949875,9,1416438875
5,27,31,34,35,43,37,12796462875,8,1599557860
12,25,29,35,42,43,24,13445380500,5,2689076100
12,29,32,33,39,40,42,13220790750,5,2644158150
3,7,14,23,26,42,24,12993475500,6,2165579250
4,5,9,13,26,27,1,12221227875,13,940094452
5,8,21,23,27,33,12,13768874250,3,4589624750
1,15,20,26,35,42,9,13353166500,3,4451055500
2,11,12,15,23,37,8,13200466875,1,13200466875
2,8,23,41,43,44,30,14236092000,11,1294190182
1,9,12,28,36,41,10,13295288625,5,2659057725
14,23,30,32,34,38,6,13582824750,6,2263804125
6,8,13,16,30,43,3,13654209750,7,1950601393
4,22,27,28,38,40,1,13003232625,6,2167205438
3,7,18,29,32,36,19,13547367375,8,1693420922
4,5,13,14,37,41,11,13689738000,6,2281623000
1,4,37,38,40,45,7,12462490875,7,1780355840
10,11,29,38,41,45,21,13966782375,4,3491695594
11,23,26,29,39,44,22,13510191375,9,1501132375
7,14,17,20,35,39,31,13419287625,9,1491031959
1,12,22,32,33,42,38,13421022750,13,1032386366
5,17,25,31,39,40,10,13176780375,11,1197889125
18,20,24,27,31,42,39,13992918375,8,1749114797
16,23,27,29,33,41,22,13548218625,11,1231656239
1,5,9,21,27,35,45,13693677750,9,1521519750
16,17,23,24,29,44,3,15518274000,7,2216896286
9,14,15,17,31,33,23,14285372625,8,1785671579
10,24,26,29,37,38,32,14215763250,1,14215763250
11,12,14,15,18,39,34,14806809000,3,4935603000
7,8,18,32,37,43,12,14393759625,11,1308523603
12,23,26,30,36,43,11,14728272375,7,2104038911
6,10,18,31,32,34,11,14064064875,3,4688021625
3,19,22,31,42,43,26,14589330000,9,1621036667
3,12,13,15,34,36,14,13925556750,7,1989365250
8,13,26,28,32,34,43,13962598875,11,1269327171
5,6,19,26,41,45,34,14010915375,6,2335152563
13,18,26,31,34,44,12,13355218125,12,1112934844
5,17,21,25,36,44,10,13603049625,13,1046388433
4,24,25,27,34,35,2,13188937875,11,1198994353
8,17,20,27,37,43,6,12178198500,30,405939950
6,7,15,22,34,39,28,14192222250,5,2838444450
1,12,13,21,32,45,14,13894975125,8,1736871891
29,31,35,38,40,44,17,14086440375,8,1760805047
1,7,14,20,34,37,41,12305471250,11,1118679205
3,6,20,24,27,44,25,13526973750,1,13526973750
1,10,20,32,35,40,43,13308242250,10,1330824225
2,7,17,28,29,39,37,13497788625,6,2249631438
13,14,17,32,41,42,6,13627787250,2,6813893625
11,17,21,24,26,36,12,13688218875,8,1711027360
12,20,23,28,30,44,43,14036464125,7,2005209161
4,20,26,28,35,40,31,13216485000,7,1888069286
12,15,19,26,40,43,29,13159136625,10,1315913663
11,12,25,32,44,45,23,13483019250,7,1926145608
1,4,20,23,29,45,28,13836880500,7,1976697215
5,7,18,37,42,45,20,13768561125,5,2753712225
4,11,13,17,20,31,33,12833640750,11,1166694614
5,10,16,17,31,32,21,13529149500,7,1932735643
14,19,25,26,27,34,2,13543608000,7,1934801143
4,10,18,27,40,45,38,13936515750,8,1742064469
4,5,6,25,26,43,41,14035804125,4,3508951032
1,10,15,16,32,41,28,13911956625,6,2318659438
1,3,17,20,31,44,40,13051675500,10,1305167550
3,6,13,23,24,35,1,13871700750,4,3467925188
1,12,26,27,29,33,42,13750124625,9,1527791625
11,18,21,26,38,43,29,13765769250,7,1966538465
3,13,18,33,37,45,1,13345729500,8,1668216188
2,4,20,34,35,43,14,13165534125,8,1645691766
14,15,16,19,25,43,2,13930369875,2,6965184938
2,8,20,30,33,34,6,13594143000,8,1699267875
10,11,15,25,35,41,13,12965898000,3,4321966000
16,17,22,31,34,37,33,13453315125,3,4484438375
5,12,14,32,34,42,16,13982332875,5,2796466575
5,7,20,22,37,42,39,15356752884,11,1396068444
5,7,9,11,32,35,33,14200273500,7,2028610500
3,5,14,20,42,44,33,14756436376,8,1844554547
2,12,14,33,40,41,25,14242234876,4,3560558719
8,17,27,33,40,44,24,14760331883,11,1341848353
7,18,30,39,40,41,36,15099549750,3,5033183250
6,7,10,16,38,41,4,14584917006,9,1620546334
2,7,12,15,21,34,5,14226834752,8,1778354344
14,21,29,31,32,37,17,14923732125,3,4974577375
2,8,15,22,25,41,30,14446710375,5,2889342075
6,8,28,33,38,39,22,14958145881,7,2136877983
20,30,36,38,41,45,23,15296287881,7,2185183983
8,13,14,30,38,39,5,14823381000,5,2964676200
2,5,6,13,28,44,43,14138290128,6,2356381688
9,10,13,24,33,38,28,13795501500,9,1532833500
2,8,13,25,28,37,3,13811520756,11,1255592796
8,24,28,35,38,40,5,13956201752,8,1744525219
3,4,12,14,25,43,17,13282676630,10,1328267663
8,10,23,24,35,43,37,13752967878,13,1057920606
4,12,24,33,38,45,22,13343977504,16,833998594
5,12,17,29,34,35,27,13687346632,8,1710918329
5,11,14,27,29,36,44,13526980875,15,901798725
2,16,19,31,34,35,37,13721086881,9,1524565209
13,14,22,27,30,38,2,13516246880,8,1689530860
2,19,25,26,27,43,28,13808546252,4,3452136563
2,6,18,21,33,34,30,13520557127,11,1229141557
1,2,7,9,10,38,42,12548090250,9,1394232250
1,5,6,14,20,39,22,13115668500,10,1311566850
8,14,23,36,38,39,13,13977923628,4,3494480907
4,8,18,19,39,44,41,13604710126,7,1943530018
4,8,27,34,39,40,13,12678622876,2,6339311438
14,18,20,23,28,36,33,14064073500,4,3516018375
2,22,27,33,36,37,14,14010824628,4,3502706157
6,9,18,19,25,33,40,12998757750,11,1181705250
7,8,11,16,41,44,35,13948480881,9,1549831209
8,21,25,39,40,44,18,15245852628,6,2540975438
10,17,18,19,23,27,35,13815561753,9,1535062417
5,13,18,23,40,45,3,14506301250,9,1611811250
4,5,11,12,24,27,28,13037614880,8,1629701860
8,16,25,30,42,43,15,14406631125,5,2881326225
6,8,13,30,35,40,21,13837438125,3,4612479375
2,16,17,32,39,45,40,14197982631,7,2028283233
1,2,6,16,19,42,9,14158341000,6,2359723500
9,15,16,21,28,34,24,14675384628,9,1630598292
7,13,30,39,41,45,25,14509620752,8,1813702594
1,7,19,26,27,35,16,13818647250,5,2763729450
3,6,7,20,21,39,13,13825923375,5,2765184675
13,14,26,33,40,43,15,13742968880,8,1717871110
2,9,22,25,31,45,12,13522306500,10,1352230650
1,7,12,15,23,42,11,13499485875,9,1499942875
19,28,31,38,43,44,1,14597167875,5,2919433575
8,17,21,24,27,31,15,14508916500,3,4836305500
1,2,4,23,31,34,8,15679414128,4,3919853532
15,18,21,32,35,44,6,15758464876,11,1432587716
9,12,19,20,39,41,13,14607085128,12,1217257094
4,10,11,12,20,27,38,14013156378,13,1077935106
11,13,25,26,29,33,32,14844697880,8,1855587235
6,7,15,16,20,31,26,14658897752,8,1832362219
3,16,22,37,38,44,23,15596964376,4,3899241094
7,18,22,24,31,34,6,15605822253,7,2229403179
6,15,22,23,25,32,40,16244740876,4,4061185219
14,15,18,21,26,35,23,15558919506,9,1728768834
11,18,21,36,37,43,12,15920596504,8,1990074563
8,17,18,24,39,45,32,15017525256,12,1251460438
15,24,31,32,33,40,13,15214581750,6,2535763625
5,13,17,23,28,36,8,14651609632,8,1831451204
1,4,16,26,40,41,31,14785191000,4,3696297750
2,9,24,41,43,45,30,15508488751,7,2215498393
5,16,21,23,24,30,29,15328079256,7,2189725608
13,19,28,37,38,43,4,14846915629,7,2120987947
3,21,22,33,41,42,20,14740210500,5,2948042100
3,4,7,11,31,41,35,14246494500,5,2849298900
11,12,16,26,29,44,18,14842451632,8,1855306454
3,13,15,40,41,44,20,15017417625,5,3003483525
5,6,26,27,38,39,1,13733421380,14,980958670
16,21,26,31,36,43,6,15034411128,8,1879301391
7,37,38,39,40,44,18,14952956625,9,1661439625
3,7,14,16,31,40,39,14660005500,2,7330002750
10,14,19,39,40,43,23,15252865128,9,1694762792
8,19,25,28,32,36,37,14706282375,9,1634031375
7,18,19,27,29,42,45,14702646376,11,1336604216
4,9,23,33,39,44,14,14212725750,10,1421272575
2,3,12,20,27,38,40,13704204376,8,1713025547
5,6,9,11,15,37,26,13517869504,8,1689733688
3,5,8,19,38,42,20,14561709001,7,2080244143
10,20,33,36,41,44,5,15368013380,10,1536801338
5,6,11,17,38,44,13,14572921500,4,3643230375
2,4,6,11,17,28,16,14381406378,6,2396901063
15,17,25,37,42,43,13,15601350751,7,2228764393
12,14,15,24,27,32,3,14955793125,5,2991158625
7,8,20,29,33,38,9,16249039128,6,2708173188
11,18,26,27,40,41,25,14300702628,12,1191725219
7,9,10,13,31,35,24,14889291376,4,3722322844
8,21,28,31,36,45,43,15792705000,9,1754745000
7,10,17,29,33,44,5,14914533000,10,1491453300
9,10,14,25,27,31,11,14164524000,8,1770565500
1,8,11,15,18,45,7,14058196128,4,3514549032
1,8,17,34,39,45,27,15037812000,8,1879726500
12,15,24,36,41,44,42,15368915256,8,1921114407
4,5,6,12,25,37,45,13730941128,6,2288490188
3,5,7,14,26,34,35,14315028000,5,2863005600
4,10,19,29,32,42,30,15547987882,14,1110570563
21,24,27,29,43,44,7,16177973628,6,2696328938
17,23,27,35,38,43,2,16254854252,4,4063713563
6,13,20,27,28,40,15,16174894128,16,1010930883
1,11,15,17,25,39,40,15199341381,9,1688815709
6,7,12,28,38,40,18,16438044381,11,1494367671
7,12,15,24,25,43,13,15500253752,8,1937531719
1,8,10,13,28,42,45,16320175878,6,2720029313
5,15,22,23,34,35,2,17707830750,9,1967536750
7,17,19,30,36,38,34,16252431377,7,2321775911
24,25,33,34,38,39,43,16897614375,15,1126507625
15,27,33,35,43,45,16,17035780500,6,2839296750
3,11,14,15,32,36,44,16108915879,7,2301273697
1,6,11,28,34,42,30,16427638130,10,1642763813
7,15,20,25,33,43,12,15550363880,10,1555036388
4,18,26,33,34,38,14,15952363130,11,1450214830
1,7,16,18,34,38,21,16320544130,10,1632054413
2,5,8,11,33,39,31,15314430380,10,1531443038
3,11,13,21,33,37,18,15368673000,8,1921084125
4,5,8,16,21,29,3,15963291000,8,1995411375
11,23,28,29,30,44,13,16656793504,8,2082099188
3,10,14,16,36,38,35,15831831750,10,1583183175
3,13,16,24,26,29,9,16116005257,11,1465091387
10,28,31,33,41,44,21,16178920500,5,3235784100
1,4,8,23,33,42,45,15460761376,4,3865190344
1,6,17,22,28,45,23,15948826128,4,3987206532
3,4,6,10,28,30,37,15326984252,4,3831746063
2,12,19,24,39,44,35,15866007756,12,1322167313
2,10,16,19,34,45,1,16398208876,4,4099552219
10,18,30,36,39,44,32,16313802750,14,1165271625
3,4,9,24,25,33,10,14477205750,5,2895441150
11,15,24,35,37,45,42,15941893506,7,2277413358
17,20,30,31,33,45,19,16137940500,4,4034485125
2,5,15,18,19,23,44,15432488253,9,1714720917
1,7,22,33,37,40,20,14595922131,7,2085131733
2,7,27,33,41,44,10,15633062628,6,2605510438
2,6,13,16,29,30,21,16305025884,12,1358752157
2,11,19,25,28,32,44,16214602128,6,2702433688
4,11,20,23,32,39,40,15744829888,17,926166464
4,8,13,19,20,43,26,16916232006,9,1879581334
1,12,29,34,36,37,41,17272785012,14,1233770358
1,28,35,41,43,44,31,18190138880,8,2273767360
12,14,21,30,39,43,45,17461690876,4,4365422719
20,30,33,35,36,44,22,16914922880,8,2114365360
2,8,33,35,37,41,14,17133477756,12,1427789813
6,7,19,21,41,43,38,17371389750,11,1579217250
1,11,21,23,34,44,24,16336216876,14,1166872634
7,8,10,19,21,31,20,15611508388,14,1115107742
3,6,10,30,34,37,36,16217322000,5,3243464400
11,17,21,26,36,45,16,16793002876,4,4198250719
4,10,14,15,18,22,39,16139056880,8,2017382110
2,7,13,25,42,45,39,16383297378,7,2340471054
2,4,5,17,27,32,43,15422894256,7,2203270608
11,24,32,33,35,40,13,16066900500,4,4016725125
6,16,37,38,41,45,18,17544559500,9,1949395500
5,10,13,27,37,41,4,18472315880,10,1847231588
2,11,17,18,21,27,6,16986811125,5,3397362225
13,15,18,24,27,41,11,17132244000,4,4283061000
23,27,28,38,42,43,36,17976102001,11,1634191091
7,22,29,33,34,35,30,18976489128,4,4744122282
4,8,9,16,17,19,31,16864736256,18,936929792
5,21,27,34,44,45,16,18261575628,6,3043595938
8,10,13,36,37,40,6,17789037008,16,1111814813
15,19,21,34,41,44,10,18260487000,7,2608641000
10,15,18,21,34,41,43,17331173625,15,1155411575
1,2,3,9,12,23,10,14936459640,20,746822982
3,12,33,36,42,45,25,18347613381,9,2038623709
7,9,12,14,23,28,17,17128931256,9,1903214584
3,10,13,22,31,32,29,17354218878,9,1928246542
12,14,24,26,34,45,41,17551357135,13,1350104395
1,2,15,19,24,36,12,17654730002,7,2522104286
3,4,16,20,28,44,17,16783744880,8,2097968110
4,16,20,33,40,43,7,16833229506,9,1870358834
2,17,19,24,37,41,3,16266630378,6,2711105063
2,8,17,24,29,31,32,17137710000,5,3427542000
13,14,26,28,30,36,37,17715418128,8,2214427266
10,14,16,18,27,28,4,17072173500,5,3414434700
6,7,11,17,33,44,1,15536637018,21,739839858
5,9,12,30,39,43,24,16631759632,8,2078969954
9,33,36,40,42,43,32,18196023000,6,3032670500
10,22,27,31,42,43,12,18026395128,8,2253299391
4,7,11,24,42,45,30,16749113626,7,2392730518
1,3,12,21,26,41,16,16314320630,10,1631432063
3,8,16,32,34,43,10,17105040000,8,2138130000
7,22,24,31,34,36,15,17219828255,7,2459975465
1,3,8,12,42,43,33,16638213750,15,1109214250
9,30,34,35,39,41,21,17389098376,8,2173637297
5,15,20,31,34,42,22,17456530875,15,1163768725
7,27,29,30,38,44,4,17726439380,13,1363572260
5,7,11,16,41,45,4,17376840378,9,1930760042
1,9,12,23,39,43,34,17304794632,8,2163099329
6,10,17,18,21,29,30,17450579628,4,4362644907
5,6,11,14,21,41,32,17696088380,10,1769608838
8,12,19,21,31,35,44,17703433880,11,1609403080
12,15,18,28,34,42,9,18806936632,11,1709721512
11,12,29,33,38,42,17,17352188250,5,3470437650
8,9,18,21,28,40,20,17903055751,7,2557579393
6,12,17,21,34,37,18,17502828756,21,833468036
6,21,35,36,37,41,11,18792208500,3,6264069500
6,12,19,24,34,41,4,16804802256,11,1527709296
15,17,19,21,27,45,16,18342721507,11,1667520137
11,16,18,19,24,39,43,16946023878,9,1882891542
6,18,31,34,38,45,20,17518388625,9,1946487625
14,15,16,17,38,45,36,18415858500,4,4603964625
3,10,23,24,31,39,22,17178102000,9,1908678000
4,6,15,25,26,33,40,17319736128,6,2886622688
12,15,16,20,24,30,38,18205461000,4,4551365250
5,6,13,16,27,28,9,18552649878,6,3092108313
2,10,11,19,35,39,29,18219177002,13,1401475154
2,6,7,12,19,45,38,17114652375,15,1140976825
3,8,19,27,30,41,12,18568260384,16,1160516274
2,10,12,31,33,42,32,17543146502,14,1253081893
2,7,19,25,29,36,16,18590157376,7,2655736768
10,15,21,35,38,43,31,18750733875,5,3750146775
6,7,18,19,30,38,13,18556582128,7,2650940304
3,10,13,26,34,38,36,18864747000,11,1714977000
1,21,26,36,40,41,5,19344432380,7,2763490340
5,22,31,32,39,45,36,19176225000,8,2397028125
2,10,14,22,32,36,41,18975543377,7,2710791911
12,17,23,34,42,45,33,18264272250,10,1826427225
1,4,10,12,28,45,26,17954708255,11,1632246205
17,25,28,37,43,44,2,18054293256,8,2256786657
10,11,12,18,24,42,27,17327167888,16,1082947993
5,9,14,26,30,43,2,18319051125,5,3663810225
1,10,13,26,32,36,9,17951961753,11,1631996523
3,12,13,18,31,32,42,17064247876,4,4266061969
14,20,23,31,37,38,27,18485326125,7,2640760875
6,10,18,25,34,35,33,17063636254,7,2437662322
15,21,31,32,41,43,24,18525723000,6,3087620500
6,11,15,17,23,40,39,17528236500,6,2921372750
5,10,13,21,39,43,11,17852784376,8,2231598047
8,11,19,21,36,45,25,17669037379,7,2524148197
1,3,12,14,16,43,10,17687728500,6,2947954750
11,30,34,35,42,44,27,18367052628,4,4591763157
2,21,28,38,42,45,30,18403152378,6,3067192063
17,21,25,26,27,36,4,18058987506,7,2579855358
12,18,19,29,31,39,7,17024863504,8,2128107938
3,9,12,13,25,43,34,16816296006,9,1868477334
14,15,25,28,29,30,3,17950456134,13,1380804318
16,25,33,38,40,45,15,18161743880,7,2594534840
10,21,22,30,35,42,6,18509254128,4,4627313532
1,12,13,24,29,44,16,18426183384,14,1316155956
9,18,20,24,27,36,12,17792695875,3,5930898625
12,18,24,26,39,40,15,18088595253,9,2009843917
7,9,24,29,34,38,26,18849698250,15,1256646550
8,15,21,31,33,38,42,19904526756,12,1658710563
13,16,24,25,33,36,42,18676728756,9,2075192084
5,11,12,29,33,44,14,18097505625,15,1206500375
4,7,13,29,31,39,18,18917417636,13,1455185972
4,5,31,35,43,45,29,19557205128,8,2444650641
5,6,16,18,37,38,17,18544758750,9,2060528750
3,10,16,19,31,39,9,17771236128,16,1110702258
13,14,19,26,40,43,30,18793841256,9,2088204584
12,18,30,39,41,42,19,18850538256,8,2356317282
6,8,18,35,42,43,3,18597630381,11,1690693671
9,10,13,28,38,45,35,18505216875,15,1233681125
1,9,11,14,26,28,19,17609811380,14,1257843670
2,25,28,30,33,45,6,18866694750,6,3144449125
9,14,17,33,36,38,20,19068665250,5,3813733050
3,9,11,12,13,19,35,17672913752,13,1359454904
2,4,11,28,29,43,27,20429617880,10,2042961788
5,11,14,30,33,38,24,18973627138,17,1116095714
14,26,32,36,39,42,38,20354750250,10,2035475025
19,21,30,33,34,42,4,20064850500,5,4012970100
7,8,13,15,33,45,18,20933343756,18,1162963542
1,16,29,33,40,45,6,20803389002,11,1891217182
5,18,30,41,43,45,13,20759497135,13,1596884395
12,16,26,28,30,42,22,20166773256,8,2520846657
1,2,16,22,38,39,34,21081066006,7,3011580858
5,13,17,29,34,39,3,19690299011,17,1158252883
16,20,24,28,36,39,5,20265527250,6,3377587875
14,18,22,26,31,44,40,19869538504,8,2483692313
11,17,28,30,33,35,9,19206173628,4,4801543407
2,8,23,26,27,44,13,20195047502,7,2885006786
20,25,31,32,36,43,3,20530240500,6,3421706750
8,15,17,19,43,44,7,20425594500,9,2269510500
10,24,40,41,43,44,17,19889637750,5,3977927550
6,10,16,28,34,38,43,19273731375,15,1284915425
9,13,32,38,39,43,23,19821127131,9,2202347459
8,22,35,38,39,41,24,20393202379,11,1853927489
4,8,18,25,27,32,42,18798998250,10,1879899825
11,17,19,21,22,25,24,19488435376,4,4872108844
10,34,38,40,42,43,32,19718304381,9,2190922709
16,21,28,35,39,43,12,19973501254,7,2853357322
3,7,10,13,25,36,32,18882090007,11,1716553637
3,15,22,32,33,45,2,20172478885,13,1551729145
9,15,29,34,37,39,12,20163681000,9,2240409000
14,17,19,22,24,40,41,19668776250,5,3933755250
12,17,28,41,43,44,25,19402825500,6,3233804250
2,6,20,27,37,39,4,19225825880,10,1922582588
21,25,30,32,40,42,31,19288429880,10,1928842988
2,6,12,26,30,34,38,19026499506,7,2718071358
2,4,30,32,33,43,29,20203289264,16,1262705579
3,5,12,13,33,39,38,18745532250,10,1874553225
1,15,19,23,28,42,32,20108230506,18,1117123917
19,22,30,34,39,44,36,19823254136,14,1415946724
5,16,21,26,34,42,24,20722499264,19,1090657856
5,17,18,22,23,43,12,20599286256,12,1716607188
2,6,11,16,25,31,3,19247961000,6,3207993500
1,4,10,14,15,35,20,19238167878,6,3206361313
7,17,19,23,24,45,38,19864673255,7,2837810465
4,18,20,26,27,32,9,20025698256,8,2503212282
18,34,39,43,44,45,23,20636352000,5,4127270400
9,18,32,33,37,44,22,20407792875,15,1360519525
4,14,23,28,37,45,17,21588927384,12,1799077282
1,3,24,27,39,45,31,20069823384,13,1543832568
19,23,28,37,42,45,2,20822506502,7,2974643786
8,14,17,27,36,45,10,20282149504,8,2535268688
3,7,12,31,34,38,32,18962873632,8,2370359204
3,13,29,38,39,42,26,21089869500,10,2108986950
1,4,14,18,29,37,6,21019375503,9,2335486167
9,13,28,31,39,41,19,21578717629,7,3082673947
4,9,17,18,26,42,36,21794296888,17,1282017464
1,15,17,23,25,41,10,21396902625,9,2377433625
19,32,37,40,41,43,45,21401423631,9,2377935959
16,26,31,38,39,41,23,23136950628,12,1928079219
5,12,25,26,38,45,23,21372554252,7,3053222036
6,7,12,22,26,36,29,21058992760,13,1619922520
18,21,28,35,37,42,17,21114505880,8,2639313235
8,19,20,21,33,39,37,20156136378,6,3359356063
7,13,16,18,35,38,14,20099108250,6,3349851375
5,18,20,23,30,34,21,20411772003,9,2267974667
7,19,23,24,36,39,30,21051127877,13,1619317529
2,15,16,21,22,28,45,21899568756,13,1684582212
2,6,8,26,43,45,11,21744622504,8,2718077813
3,4,16,27,38,40,20,21125037752,7,3017862536
2,5,14,28,31,32,20,22253465250,9,2472607250
21,27,29,38,40,44,37,22155413252,7,3165059036
3,16,21,22,23,44,30,22678849128,8,2834856141
7,24,29,30,34,35,33,22231691625,11,2021062875
1,11,17,27,35,39,31,19767643875,21,941316375
4,5,12,14,32,42,35,21135386250,10,2113538625
5,8,18,21,22,38,10,20909008134,14,1493500581
6,14,16,21,27,37,40,21420089632,16,1338755602
16,19,24,33,42,44,27,21450061127,11,1950005557
2,6,11,13,22,37,14,21111843000,6,3518640500
6,21,22,32,35,36,17,22279227751,11,2025384341
1,3,23,24,27,43,34,21447996380,10,2144799638
7,11,12,31,33,38,5,20117207628,18,1117622646
9,14,17,18,42,44,35,21525752250,5,4305150450
2,3,26,33,34,43,29,21841821379,7,3120260197
5,7,12,22,28,41,1,20953747885,17,1232573405
2,6,13,17,27,43,36,20507427000,6,3417904500
3,17,18,23,36,41,26,21340437000,8,2667554625
